-40.00,75773.83
-39.95,75522.37
-39.90,75271.82
-39.85,75022.20
-39.80,74773.48
-39.75,74525.68
-39.70,74278.79
-39.65,74032.80
-39.60,73787.71
-39.55,73543.52
-39.50,73300.22
-39.45,73057.80
-39.40,72816.28
-39.35,72575.63
-39.30,72335.87
-39.25,72096.98
-39.20,71858.96
-39.15,71621.81
-39.10,71385.52
-39.05,71150.10
-39.00,70915.53
-38.95,70681.82
-38.90,70448.96
-38.85,70216.95
-38.80,69985.78
-38.75,69755.45
-38.70,69525.96
-38.65,69297.30
-38.60,69069.48
-38.55,68842.48
-38.50,68616.31
-38.45,68390.95
-38.40,68166.42
-38.35,67942.70
-38.30,67719.80
-38.25,67497.70
-38.20,67276.40
-38.15,67055.91
-38.10,66836.22
-38.05,66617.32
-38.00,66399.21
-37.95,66181.90
-37.90,65965.37
-37.85,65749.62
-37.80,65534.65
-37.75,65320.46
-37.70,65107.05
-37.65,64894.40
-37.60,64682.52
-37.55,64471.41
-37.50,64261.06
-37.45,64051.47
-37.40,63842.63
-37.35,63634.55
-37.30,63427.21
-37.25,63220.62
-37.20,63014.78
-37.15,62809.68
-37.10,62605.31
-37.05,62401.69
-37.00,62198.79
-36.95,61996.62
-36.90,61795.18
-36.85,61594.47
-36.80,61394.47
-36.75,61195.19
-36.70,60996.63
-36.65,60798.78
-36.60,60601.64
-36.55,60405.21
-36.50,60209.48
-36.45,60014.45
-36.40,59820.12
-36.35,59626.49
-36.30,59433.55
-36.25,59241.30
-36.20,59049.74
-36.15,58858.86
-36.10,58668.67
-36.05,58479.15
-36.00,58290.32
-35.95,58102.16
-35.90,57914.66
-35.85,57727.84
-35.80,57541.69
-35.75,57356.20
-35.70,57171.37
-35.65,56987.20
-35.60,56803.68
-35.55,56620.82
-35.50,56438.62
-35.45,56257.06
-35.40,56076.14
-35.35,55895.87
-35.30,55716.24
-35.25,55537.25
-35.20,55358.90
-35.15,55181.18
-35.10,55004.09
-35.05,54827.63
-35.00,54651.80
-34.95,54476.59
-34.90,54302.00
-34.85,54128.03
-34.80,53954.68
-34.75,53781.94
-34.70,53609.81
-34.65,53438.30
-34.60,53267.39
-34.55,53097.08
-34.50,52927.38
-34.45,52758.28
-34.40,52589.78
-34.35,52421.87
-34.30,52254.56
-34.25,52087.83
-34.20,51921.70
-34.15,51756.15
-34.10,51591.19
-34.05,51426.81
-34.00,51263.01
-33.95,51099.78
-33.90,50937.13
-33.85,50775.06
-33.80,50613.55
-33.75,50452.62
-33.70,50292.25
-33.65,50132.44
-33.60,49973.20
-33.55,49814.52
-33.50,49656.39
-33.45,49498.82
-33.40,49341.81
-33.35,49185.34
-33.30,49029.43
-33.25,48874.06
-33.20,48719.24
-33.15,48564.96
-33.10,48411.22
-33.05,48258.02
-33.00,48105.36
-32.95,47953.23
-32.90,47801.63
-32.85,47650.57
-32.80,47500.03
-32.75,47350.02
-32.70,47200.54
-32.65,47051.58
-32.60,46903.14
-32.55,46755.21
-32.50,46607.81
-32.45,46460.92
-32.40,46314.54
-32.35,46168.67
-32.30,46023.31
-32.25,45878.46
-32.20,45734.11
-32.15,45590.27
-32.10,45446.93
-32.05,45304.08
-32.00,45161.74
-31.95,45019.89
-31.90,44878.53
-31.85,44737.66
-31.80,44597.29
-31.75,44457.40
-31.70,44318.00
-31.65,44179.09
-31.60,44040.65
-31.55,43902.70
-31.50,43765.22
-31.45,43628.22
-31.40,43491.70
-31.35,43355.65
-31.30,43220.07
-31.25,43084.96
-31.20,42950.32
-31.15,42816.15
-31.10,42682.44
-31.05,42549.19
-31.00,42416.41
-30.95,42284.08
-30.90,42152.21
-30.85,42020.80
-30.80,41889.84
-30.75,41759.33
-30.70,41629.28
-30.65,41499.67
-30.60,41370.51
-30.55,41241.79
-30.50,41113.52
-30.45,40985.69
-30.40,40858.31
-30.35,40731.36
-30.30,40604.84
-30.25,40478.77
-30.20,40353.13
-30.15,40227.92
-30.10,40103.14
-30.05,39978.79
-30.00,39854.86
-29.95,39731.36
-29.90,39608.29
-29.85,39485.64
-29.80,39363.41
-29.75,39241.60
-29.70,39120.21
-29.65,38999.24
-29.60,38878.68
-29.55,38758.53
-29.50,38638.79
-29.45,38519.47
-29.40,38400.55
-29.35,38282.04
-29.30,38163.94
-29.25,38046.24
-29.20,37928.94
-29.15,37812.04
-29.10,37695.54
-29.05,37579.45
-29.00,37463.74
-28.95,37348.44
-28.90,37233.52
-28.85,37119.00
-28.80,37004.87
-28.75,36891.13
-28.70,36777.77
-28.65,36664.81
-28.60,36552.22
-28.55,36440.02
-28.50,36328.21
-28.45,36216.77
-28.40,36105.71
-28.35,35995.03
-28.30,35884.73
-28.25,35774.80
-28.20,35665.24
-28.15,35556.06
-28.10,35447.25
-28.05,35338.81
-28.00,35230.73
-27.95,35123.02
-27.90,35015.68
-27.85,34908.70
-27.80,34802.09
-27.75,34695.83
-27.70,34589.94
-27.65,34484.40
-27.60,34379.22
-27.55,34274.40
-27.50,34169.93
-27.45,34065.81
-27.40,33962.05
-27.35,33858.64
-27.30,33755.58
-27.25,33652.86
-27.20,33550.50
-27.15,33448.47
-27.10,33346.80
-27.05,33245.46
-27.00,33144.47
-26.95,33043.81
-26.90,32943.50
-26.85,32843.53
-26.80,32743.89
-26.75,32644.58
-26.70,32545.62
-26.65,32446.98
-26.60,32348.68
-26.55,32250.70
-26.50,32153.06
-26.45,32055.74
-26.40,31958.75
-26.35,31862.09
-26.30,31765.75
-26.25,31669.74
-26.20,31574.04
-26.15,31478.67
-26.10,31383.62
-26.05,31288.89
-26.00,31194.47
-25.95,31100.37
-25.90,31006.59
-25.85,30913.12
-25.80,30819.96
-25.75,30727.11
-25.70,30634.58
-25.65,30542.35
-25.60,30450.43
-25.55,30358.82
-25.50,30267.52
-25.45,30176.52
-25.40,30085.82
-25.35,29995.43
-25.30,29905.34
-25.25,29815.55
-25.20,29726.06
-25.15,29636.86
-25.10,29547.97
-25.05,29459.37
-25.00,29371.06
-24.95,29283.05
-24.90,29195.34
-24.85,29107.91
-24.80,29020.77
-24.75,28933.93
-24.70,28847.37
-24.65,28761.10
-24.60,28675.12
-24.55,28589.42
-24.50,28504.01
-24.45,28418.88
-24.40,28334.04
-24.35,28249.47
-24.30,28165.19
-24.25,28081.18
-24.20,27997.45
-24.15,27914.00
-24.10,27830.83
-24.05,27747.93
-24.00,27665.31
-23.95,27582.96
-23.90,27500.88
-23.85,27419.08
-23.80,27337.54
-23.75,27256.27
-23.70,27175.28
-23.65,27094.54
-23.60,27014.08
-23.55,26933.88
-23.50,26853.95
-23.45,26774.28
-23.40,26694.87
-23.35,26615.72
-23.30,26536.84
-23.25,26458.21
-23.20,26379.85
-23.15,26301.74
-23.10,26223.89
-23.05,26146.29
-23.00,26068.95
-22.95,25991.87
-22.90,25915.03
-22.85,25838.45
-22.80,25762.13
-22.75,25686.05
-22.70,25610.22
-22.65,25534.64
-22.60,25459.31
-22.55,25384.22
-22.50,25309.39
-22.45,25234.79
-22.40,25160.45
-22.35,25086.34
-22.30,25012.48
-22.25,24938.86
-22.20,24865.48
-22.15,24792.34
-22.10,24719.44
-22.05,24646.78
-22.00,24574.35
-21.95,24502.17
-21.90,24430.21
-21.85,24358.50
-21.80,24287.01
-21.75,24215.77
-21.70,24144.75
-21.65,24073.96
-21.60,24003.41
-21.55,23933.08
-21.50,23862.99
-21.45,23793.12
-21.40,23723.48
-21.35,23654.07
-21.30,23584.88
-21.25,23515.92
-21.20,23447.18
-21.15,23378.67
-21.10,23310.37
-21.05,23242.30
-21.00,23174.46
-20.95,23106.83
-20.90,23039.42
-20.85,22972.23
-20.80,22905.26
-20.75,22838.50
-20.70,22771.96
-20.65,22705.64
-20.60,22639.53
-20.55,22573.64
-20.50,22507.96
-20.45,22442.49
-20.40,22377.23
-20.35,22312.19
-20.30,22247.36
-20.25,22182.73
-20.20,22118.32
-20.15,22054.11
-20.10,21990.11
-20.05,21926.31
-20.00,21862.73
-19.95,21799.34
-19.90,21736.16
-19.85,21673.19
-19.80,21610.42
-19.75,21547.85
-19.70,21485.48
-19.65,21423.32
-19.60,21361.35
-19.55,21299.58
-19.50,21238.02
-19.45,21176.65
-19.40,21115.47
-19.35,21054.50
-19.30,20993.72
-19.25,20933.13
-19.20,20872.74
-19.15,20812.55
-19.10,20752.54
-19.05,20692.73
-19.00,20633.12
-18.95,20573.69
-18.90,20514.45
-18.85,20455.40
-18.80,20396.55
-18.75,20337.88
-18.70,20279.40
-18.65,20221.10
-18.60,20163.00
-18.55,20105.07
-18.50,20047.34
-18.45,19989.79
-18.40,19932.42
-18.35,19875.24
-18.30,19818.24
-18.25,19761.41
-18.20,19704.78
-18.15,19648.32
-18.10,19592.04
-18.05,19535.94
-18.00,19480.03
-17.95,19424.28
-17.90,19368.72
-17.85,19313.34
-17.80,19258.13
-17.75,19203.09
-17.70,19148.23
-17.65,19093.55
-17.60,19039.04
-17.55,18984.70
-17.50,18930.54
-17.45,18876.55
-17.40,18822.72
-17.35,18769.08
-17.30,18715.60
-17.25,18662.29
-17.20,18609.15
-17.15,18556.18
-17.10,18503.37
-17.05,18450.74
-17.00,18398.27
-16.95,18345.96
-16.90,18293.82
-16.85,18241.85
-16.80,18190.04
-16.75,18138.40
-16.70,18086.92
-16.65,18035.60
-16.60,17984.44
-16.55,17933.45
-16.50,17882.62
-16.45,17831.94
-16.40,17781.43
-16.35,17731.08
-16.30,17680.88
-16.25,17630.85
-16.20,17580.97
-16.15,17531.25
-16.10,17481.69
-16.05,17432.28
-16.00,17383.03
-15.95,17333.93
-15.90,17284.99
-15.85,17236.20
-15.80,17187.56
-15.75,17139.08
-15.70,17090.75
-15.65,17042.57
-15.60,16994.55
-15.55,16946.67
-15.50,16898.94
-15.45,16851.37
-15.40,16803.94
-15.35,16756.67
-15.30,16709.54
-15.25,16662.55
-15.20,16615.72
-15.15,16569.03
-15.10,16522.49
-15.05,16476.10
-15.00,16429.85
-14.95,16383.74
-14.90,16337.78
-14.85,16291.96
-14.80,16246.29
-14.75,16200.76
-14.70,16155.37
-14.65,16110.12
-14.60,16065.02
-14.55,16020.05
-14.50,15975.23
-14.45,15930.54
-14.40,15886.00
-14.35,15841.59
-14.30,15797.32
-14.25,15753.19
-14.20,15709.20
-14.15,15665.34
-14.10,15621.62
-14.05,15578.04
-14.00,15534.59
-13.95,15491.28
-13.90,15448.10
-13.85,15405.06
-13.80,15362.15
-13.75,15319.37
-13.70,15276.73
-13.65,15234.22
-13.60,15191.84
-13.55,15149.59
-13.50,15107.48
-13.45,15065.49
-13.40,15023.63
-13.35,14981.91
-13.30,14940.31
-13.25,14898.84
-13.20,14857.50
-13.15,14816.29
-13.10,14775.21
-13.05,14734.25
-13.00,14693.42
-12.95,14652.72
-12.90,14612.14
-12.85,14571.69
-12.80,14531.36
-12.75,14491.16
-12.70,14451.08
-12.65,14411.12
-12.60,14371.29
-12.55,14331.58
-12.50,14291.99
-12.45,14252.53
-12.40,14213.18
-12.35,14173.96
-12.30,14134.86
-12.25,14095.88
-12.20,14057.02
-12.15,14018.28
-12.10,13979.65
-12.05,13941.15
-12.00,13902.77
-11.95,13864.50
-11.90,13826.35
-11.85,13788.32
-11.80,13750.40
-11.75,13712.60
-11.70,13674.92
-11.65,13637.35
-11.60,13599.90
-11.55,13562.56
-11.50,13525.34
-11.45,13488.23
-11.40,13451.24
-11.35,13414.35
-11.30,13377.58
-11.25,13340.93
-11.20,13304.38
-11.15,13267.95
-11.10,13231.63
-11.05,13195.42
-11.00,13159.32
-10.95,13123.33
-10.90,13087.45
-10.85,13051.68
-10.80,13016.02
-10.75,12980.47
-10.70,12945.03
-10.65,12909.69
-10.60,12874.46
-10.55,12839.34
-10.50,12804.33
-10.45,12769.42
-10.40,12734.62
-10.35,12699.93
-10.30,12665.34
-10.25,12630.85
-10.20,12596.47
-10.15,12562.20
-10.10,12528.03
-10.05,12493.96
-10.00,12460.00
-9.95,12426.14
-9.90,12392.38
-9.85,12358.73
-9.80,12325.18
-9.75,12291.73
-9.70,12258.38
-9.65,12225.13
-9.60,12191.98
-9.55,12158.94
-9.50,12125.99
-9.45,12093.14
-9.40,12060.39
-9.35,12027.75
-9.30,11995.19
-9.25,11962.74
-9.20,11930.39
-9.15,11898.13
-9.10,11865.97
-9.05,11833.92
-9.00,11801.95
-8.95,11770.08
-8.90,11738.31
-8.85,11706.63
-8.80,11675.05
-8.75,11643.57
-8.70,11612.18
-8.65,11580.88
-8.60,11549.68
-8.55,11518.57
-8.50,11487.56
-8.45,11456.64
-8.40,11425.81
-8.35,11395.08
-8.30,11364.44
-8.25,11333.89
-8.20,11303.43
-8.15,11273.06
-8.10,11242.79
-8.05,11212.60
-8.00,11182.51
-7.95,11152.50
-7.90,11122.59
-7.85,11092.76
-7.80,11063.03
-7.75,11033.38
-7.70,11003.83
-7.65,10974.36
-7.60,10944.98
-7.55,10915.69
-7.50,10886.48
-7.45,10857.36
-7.40,10828.33
-7.35,10799.39
-7.30,10770.53
-7.25,10741.76
-7.20,10713.08
-7.15,10684.48
-7.10,10655.97
-7.05,10627.54
-7.00,10599.20
-6.95,10570.94
-6.90,10542.76
-6.85,10514.67
-6.80,10486.66
-6.75,10458.74
-6.70,10430.90
-6.65,10403.14
-6.60,10375.47
-6.55,10347.87
-6.50,10320.36
-6.45,10292.93
-6.40,10265.59
-6.35,10238.32
-6.30,10211.14
-6.25,10184.03
-6.20,10157.01
-6.15,10130.06
-6.10,10103.20
-6.05,10076.42
-6.00,10049.71
-5.95,10023.09
-5.90,9996.54
-5.85,9970.07
-5.80,9943.68
-5.75,9917.37
-5.70,9891.14
-5.65,9864.98
-5.60,9838.90
-5.55,9812.90
-5.50,9786.98
-5.45,9761.13
-5.40,9735.36
-5.35,9709.66
-5.30,9684.05
-5.25,9658.50
-5.20,9633.03
-5.15,9607.64
-5.10,9582.32
-5.05,9557.08
-5.00,9531.91
-4.95,9506.82
-4.90,9481.79
-4.85,9456.85
-4.80,9431.97
-4.75,9407.17
-4.70,9382.45
-4.65,9357.79
-4.60,9333.21
-4.55,9308.70
-4.50,9284.26
-4.45,9259.90
-4.40,9235.60
-4.35,9211.38
-4.30,9187.23
-4.25,9163.14
-4.20,9139.13
-4.15,9115.20
-4.10,9091.32
-4.05,9067.52
-4.00,9043.80
-3.95,9020.13
-3.90,8996.54
-3.85,8973.02
-3.80,8949.57
-3.75,8926.18
-3.70,8902.87
-3.65,8879.62
-3.60,8856.44
-3.55,8833.33
-3.50,8810.28
-3.45,8787.30
-3.40,8764.39
-3.35,8741.55
-3.30,8718.77
-3.25,8696.06
-3.20,8673.42
-3.15,8650.84
-3.10,8628.33
-3.05,8605.88
-3.00,8583.50
-2.95,8561.19
-2.90,8538.94
-2.85,8516.75
-2.80,8494.63
-2.75,8472.57
-2.70,8450.58
-2.65,8428.65
-2.60,8406.78
-2.55,8384.98
-2.50,8363.24
-2.45,8341.57
-2.40,8319.95
-2.35,8298.40
-2.30,8276.92
-2.25,8255.49
-2.20,8234.13
-2.15,8212.83
-2.10,8191.59
-2.05,8170.41
-2.00,8149.30
-1.95,8128.24
-1.90,8107.25
-1.85,8086.31
-1.80,8065.44
-1.75,8044.63
-1.70,8023.88
-1.65,8003.18
-1.60,7982.55
-1.55,7961.98
-1.50,7941.47
-1.45,7921.01
-1.40,7900.62
-1.35,7880.28
-1.30,7860.00
-1.25,7839.78
-1.20,7819.62
-1.15,7799.52
-1.10,7779.48
-1.05,7759.49
-1.00,7739.34
-0.95,7719.47
-0.90,7699.67
-0.85,7679.92
-0.80,7660.23
-0.75,7640.60
-0.70,7621.02
-0.65,7601.50
-0.60,7582.04
-0.55,7562.63
-0.50,7543.28
-0.45,7523.98
-0.40,7504.74
-0.35,7485.55
-0.30,7466.42
-0.25,7447.34
-0.20,7428.32
-0.15,7409.35
-0.10,7390.44
-0.05,7371.58
0.00,7352.78
0.05,7334.03
0.10,7315.33
0.15,7296.69
0.20,7278.10
0.25,7259.56
0.30,7241.08
0.35,7222.65
0.40,7204.27
0.45,7185.95
0.50,7167.67
0.55,7149.45
0.60,7131.28
0.65,7113.17
0.70,7095.10
0.75,7077.09
0.80,7059.13
0.85,7041.22
0.90,7023.36
0.95,7005.55
1.00,6987.79
1.05,6970.08
1.10,6952.42
1.15,6934.82
1.20,6917.26
1.25,6899.75
1.30,6882.29
1.35,6864.89
1.40,6847.53
1.45,6830.22
1.50,6812.96
1.55,6795.75
1.60,6778.59
1.65,6761.48
1.70,6744.41
1.75,6727.40
1.80,6710.43
1.85,6693.51
1.90,6676.64
1.95,6659.81
2.00,6643.04
2.05,6626.31
2.10,6609.63
2.15,6593.00
2.20,6576.41
2.25,6559.87
2.30,6543.38
2.35,6526.93
2.40,6510.53
2.45,6494.17
2.50,6477.87
2.55,6461.61
2.60,6445.39
2.65,6429.22
2.70,6413.09
2.75,6397.02
2.80,6380.98
2.85,6364.99
2.90,6349.05
2.95,6333.15
3.00,6317.30
3.05,6301.49
3.10,6285.73
3.15,6270.00
3.20,6254.33
3.25,6238.70
3.30,6223.11
3.35,6207.57
3.40,6192.07
3.45,6176.61
3.50,6161.20
3.55,6145.83
3.60,6130.50
3.65,6115.21
3.70,6099.97
3.75,6084.78
3.80,6069.62
3.85,6054.51
3.90,6039.43
3.95,6024.41
4.00,6009.42
4.05,5994.47
4.10,5979.57
4.15,5964.71
4.20,5949.89
4.25,5935.11
4.30,5920.38
4.35,5905.68
4.40,5891.02
4.45,5876.41
4.50,5861.84
4.55,5847.30
4.60,5832.81
4.65,5818.36
4.70,5803.95
4.75,5789.58
4.80,5775.25
4.85,5760.96
4.90,5746.71
4.95,5732.50
5.00,5718.32
5.05,5704.19
5.10,5690.10
5.15,5676.04
5.20,5662.03
5.25,5648.05
5.30,5634.11
5.35,5620.22
5.40,5606.36
5.45,5592.53
5.50,5578.75
5.55,5565.01
5.60,5551.30
5.65,5537.63
5.70,5524.00
5.75,5510.41
5.80,5496.85
5.85,5483.33
5.90,5469.85
5.95,5456.41
6.00,5443.00
6.05,5429.64
6.10,5416.30
6.15,5403.01
6.20,5389.75
6.25,5376.53
6.30,5363.34
6.35,5350.19
6.40,5337.08
6.45,5324.00
6.50,5310.97
6.55,5297.96
6.60,5284.99
6.65,5272.06
6.70,5259.16
6.75,5246.30
6.80,5233.47
6.85,5220.69
6.90,5207.93
6.95,5195.21
7.00,5182.52
7.05,5169.87
7.10,5157.26
7.15,5144.68
7.20,5132.13
7.25,5119.62
7.30,5107.14
7.35,5094.70
7.40,5082.29
7.45,5069.91
7.50,5057.57
7.55,5045.26
7.60,5032.99
7.65,5020.75
7.70,5008.54
7.75,4996.37
7.80,4984.23
7.85,4972.12
7.90,4960.05
7.95,4948.01
8.00,4936.00
8.05,4924.03
8.10,4912.09
8.15,4900.18
8.20,4888.30
8.25,4876.46
8.30,4864.64
8.35,4852.86
8.40,4841.12
8.45,4829.40
8.50,4817.72
8.55,4806.07
8.60,4794.45
8.65,4782.86
8.70,4771.30
8.75,4759.78
8.80,4748.28
8.85,4736.82
8.90,4725.39
8.95,4713.99
9.00,4702.62
9.05,4691.28
9.10,4679.97
9.15,4668.70
9.20,4657.45
9.25,4646.23
9.30,4635.05
9.35,4623.89
9.40,4612.77
9.45,4601.67
9.50,4590.61
9.55,4579.57
9.60,4568.57
9.65,4557.60
9.70,4546.65
9.75,4535.74
9.80,4524.85
9.85,4513.99
9.90,4503.17
9.95,4492.37
10.00,4481.60
10.05,4470.86
10.10,4460.15
10.15,4449.47
10.20,4438.82
10.25,4428.19
10.30,4417.60
10.35,4407.03
10.40,4396.49
10.45,4385.98
10.50,4375.50
10.55,4365.05
10.60,4354.62
10.65,4344.23
10.70,4333.86
10.75,4323.52
10.80,4313.21
10.85,4302.92
10.90,4292.66
10.95,4282.43
11.00,4272.23
11.05,4262.05
11.10,4251.91
11.15,4241.79
11.20,4231.69
11.25,4221.63
11.30,4211.59
11.35,4201.57
11.40,4191.59
11.45,4181.63
11.50,4171.70
11.55,4161.79
11.60,4151.91
11.65,4142.06
11.70,4132.24
11.75,4122.43
11.80,4112.66
11.85,4102.91
11.90,4093.19
11.95,4083.50
12.00,4073.83
12.05,4064.18
12.10,4054.57
12.15,4044.97
12.20,4035.41
12.25,4025.87
12.30,4016.35
12.35,4006.86
12.40,3997.40
12.45,3987.96
12.50,3978.54
12.55,3969.15
12.60,3959.79
12.65,3950.45
12.70,3941.14
12.75,3931.85
12.80,3922.58
12.85,3913.34
12.90,3904.12
12.95,3894.93
13.00,3885.77
13.05,3876.62
13.10,3867.50
13.15,3858.41
13.20,3849.34
13.25,3840.30
13.30,3831.27
13.35,3822.27
13.40,3813.30
13.45,3804.35
13.50,3795.42
13.55,3786.52
13.60,3777.64
13.65,3768.79
13.70,3759.95
13.75,3751.14
13.80,3742.36
13.85,3733.60
13.90,3724.86
13.95,3716.14
14.00,3707.45
14.05,3698.77
14.10,3690.13
14.15,3681.50
14.20,3672.90
14.25,3664.32
14.30,3655.77
14.35,3647.23
14.40,3638.72
14.45,3630.23
14.50,3621.77
14.55,3613.32
14.60,3604.90
14.65,3596.50
14.70,3588.12
14.75,3579.77
14.80,3571.43
14.85,3563.12
14.90,3554.83
14.95,3546.56
15.00,3538.32
15.05,3530.09
15.10,3521.89
15.15,3513.71
15.20,3505.55
15.25,3497.41
15.30,3489.29
15.35,3481.19
15.40,3473.12
15.45,3465.06
15.50,3457.03
15.55,3449.02
15.60,3441.03
15.65,3433.06
15.70,3425.11
15.75,3417.18
15.80,3409.28
15.85,3401.39
15.90,3393.52
15.95,3385.68
16.00,3377.85
16.05,3370.05
16.10,3362.26
16.15,3354.50
16.20,3346.76
16.25,3339.03
16.30,3331.33
16.35,3323.65
16.40,3315.98
16.45,3308.34
16.50,3300.72
16.55,3293.11
16.60,3285.53
16.65,3277.97
16.70,3270.42
16.75,3262.90
16.80,3255.39
16.85,3247.91
16.90,3240.44
16.95,3232.99
17.00,3225.57
17.05,3218.16
17.10,3210.77
17.15,3203.40
17.20,3196.05
17.25,3188.72
17.30,3181.40
17.35,3174.11
17.40,3166.84
17.45,3159.58
17.50,3152.35
17.55,3145.13
17.60,3137.93
17.65,3130.75
17.70,3123.58
17.75,3116.44
17.80,3109.32
17.85,3102.21
17.90,3095.12
17.95,3088.05
18.00,3081.00
18.05,3073.96
18.10,3066.95
18.15,3059.95
18.20,3052.97
18.25,3046.01
18.30,3039.07
18.35,3032.14
18.40,3025.24
18.45,3018.34
18.50,3011.47
18.55,3004.62
18.60,2997.78
18.65,2990.96
18.70,2984.16
18.75,2977.38
18.80,2970.61
18.85,2963.86
18.90,2957.13
18.95,2950.42
19.00,2943.72
19.05,2937.04
19.10,2930.37
19.15,2923.73
19.20,2917.10
19.25,2910.49
19.30,2903.89
19.35,2897.32
19.40,2890.75
19.45,2884.21
19.50,2877.68
19.55,2871.17
19.60,2864.68
19.65,2858.20
19.70,2851.74
19.75,2845.29
19.80,2838.87
19.85,2832.46
19.90,2826.06
19.95,2819.68
20.00,2813.32
20.05,2806.97
20.10,2800.64
20.15,2794.33
20.20,2788.03
20.25,2781.75
20.30,2775.48
20.35,2769.23
20.40,2763.00
20.45,2756.78
20.50,2750.58
20.55,2744.39
20.60,2738.22
20.65,2732.07
20.70,2725.93
20.75,2719.81
20.80,2713.70
20.85,2707.60
20.90,2701.53
20.95,2695.47
21.00,2689.42
21.05,2683.39
21.10,2677.37
21.15,2671.37
21.20,2665.39
21.25,2659.42
21.30,2653.46
21.35,2647.53
21.40,2641.60
21.45,2635.69
21.50,2629.80
21.55,2623.92
21.60,2618.05
21.65,2612.20
21.70,2606.37
21.75,2600.55
21.80,2594.74
21.85,2588.95
21.90,2583.17
21.95,2577.41
22.00,2571.67
22.05,2565.93
22.10,2560.22
22.15,2554.51
22.20,2548.82
22.25,2543.15
22.30,2537.49
22.35,2531.84
22.40,2526.21
22.45,2520.59
22.50,2514.99
22.55,2509.40
22.60,2503.82
22.65,2498.26
22.70,2492.71
22.75,2487.18
22.80,2481.66
22.85,2476.15
22.90,2470.66
22.95,2465.18
23.00,2459.72
23.05,2454.27
23.10,2448.83
23.15,2443.41
23.20,2438.00
23.25,2432.60
23.30,2427.22
23.35,2421.85
23.40,2416.50
23.45,2411.15
23.50,2405.82
23.55,2400.51
23.60,2395.20
23.65,2389.92
23.70,2384.64
23.75,2379.38
23.80,2374.13
23.85,2368.89
23.90,2363.67
23.95,2358.46
24.00,2353.26
24.05,2348.08
24.10,2342.91
24.15,2337.75
24.20,2332.60
24.25,2327.47
24.30,2322.35
24.35,2317.24
24.40,2312.15
24.45,2307.07
24.50,2302.00
24.55,2296.94
24.60,2291.90
24.65,2286.87
24.70,2281.85
24.75,2276.84
24.80,2271.85
24.85,2266.87
24.90,2261.90
24.95,2256.94
25.00,2252.00
25.05,2247.07
25.10,2242.15
25.15,2237.24
25.20,2232.35
25.25,2227.46
25.30,2222.59
25.35,2217.73
25.40,2212.89
25.45,2208.05
25.50,2203.23
25.55,2198.42
25.60,2193.62
25.65,2188.83
25.70,2184.05
25.75,2179.29
25.80,2174.54
25.85,2169.80
25.90,2165.07
25.95,2160.36
26.00,2155.65
26.05,2150.96
26.10,2146.28
26.15,2141.61
26.20,2136.95
26.25,2132.30
26.30,2127.66
26.35,2123.04
26.40,2118.43
26.45,2113.83
26.50,2109.24
26.55,2104.66
26.60,2100.09
26.65,2095.53
26.70,2090.99
26.75,2086.46
26.80,2081.93
26.85,2077.42
26.90,2072.92
26.95,2068.43
27.00,2063.95
27.05,2059.49
27.10,2055.03
27.15,2050.58
27.20,2046.15
27.25,2041.73
27.30,2037.31
27.35,2032.91
27.40,2028.52
27.45,2024.14
27.50,2019.77
27.55,2015.41
27.60,2011.06
27.65,2006.72
27.70,2002.40
27.75,1998.08
27.80,1993.77
27.85,1989.48
27.90,1985.19
27.95,1980.92
28.00,1976.66
28.05,1972.40
28.10,1968.16
28.15,1963.93
28.20,1959.70
28.25,1955.49
28.30,1951.29
28.35,1947.10
28.40,1942.92
28.45,1938.75
28.50,1934.59
28.55,1930.43
28.60,1926.29
28.65,1922.16
28.70,1918.04
28.75,1913.93
28.80,1909.83
28.85,1905.74
28.90,1901.66
28.95,1897.59
29.00,1893.53
29.05,1889.48
29.10,1885.44
29.15,1881.41
29.20,1877.38
29.25,1873.37
29.30,1869.37
29.35,1865.38
29.40,1861.40
29.45,1857.42
29.50,1853.46
29.55,1849.50
29.60,1845.56
29.65,1841.63
29.70,1837.70
29.75,1833.79
29.80,1829.88
29.85,1825.98
29.90,1822.10
29.95,1818.22
30.00,1814.35
30.05,1810.49
30.10,1806.64
30.15,1802.80
30.20,1798.97
30.25,1795.15
30.30,1791.34
30.35,1787.53
30.40,1783.74
30.45,1779.95
30.50,1776.17
30.55,1772.41
30.60,1768.65
30.65,1764.90
30.70,1761.16
30.75,1757.43
30.80,1753.71
30.85,1750.00
30.90,1746.29
30.95,1742.60
31.00,1738.91
31.05,1735.23
31.10,1731.57
31.15,1727.91
31.20,1724.26
31.25,1720.61
31.30,1716.98
31.35,1713.36
31.40,1709.74
31.45,1706.13
31.50,1702.53
31.55,1698.94
31.60,1695.36
31.65,1691.79
31.70,1688.23
31.75,1684.67
31.80,1681.12
31.85,1677.58
31.90,1674.05
31.95,1670.53
32.00,1667.02
32.05,1663.51
32.10,1660.02
32.15,1656.53
32.20,1653.05
32.25,1649.58
32.30,1646.11
32.35,1642.66
32.40,1639.21
32.45,1635.77
32.50,1632.34
32.55,1628.92
32.60,1625.51
32.65,1622.10
32.70,1618.70
32.75,1615.31
32.80,1611.93
32.85,1608.56
32.90,1605.19
32.95,1601.84
33.00,1598.49
33.05,1595.15
33.10,1591.81
33.15,1588.49
33.20,1585.17
33.25,1581.86
33.30,1578.56
33.35,1575.26
33.40,1571.97
33.45,1568.70
33.50,1565.43
33.55,1562.16
33.60,1558.91
33.65,1555.66
33.70,1552.42
33.75,1549.19
33.80,1545.96
33.85,1542.75
33.90,1539.54
33.95,1536.33
34.00,1533.14
34.05,1529.95
34.10,1526.77
34.15,1523.60
34.20,1520.44
34.25,1517.28
34.30,1514.13
34.35,1510.99
34.40,1507.86
34.45,1504.73
34.50,1501.61
34.55,1498.50
34.60,1495.40
34.65,1492.30
34.70,1489.21
34.75,1486.13
34.80,1483.05
34.85,1479.98
34.90,1476.92
34.95,1473.87
35.00,1470.82
35.05,1467.78
35.10,1464.75
35.15,1461.72
35.20,1458.70
35.25,1455.69
35.30,1452.69
35.35,1449.69
35.40,1446.70
35.45,1443.72
35.50,1440.74
35.55,1437.77
35.60,1434.81
35.65,1431.86
35.70,1428.91
35.75,1425.97
35.80,1423.03
35.85,1420.11
35.90,1417.19
35.95,1414.27
36.00,1411.37
36.05,1408.47
36.10,1405.57
36.15,1402.69
36.20,1399.80
36.25,1396.93
36.30,1394.07
36.35,1391.21
36.40,1388.35
36.45,1385.51
36.50,1382.67
36.55,1379.83
36.60,1377.01
36.65,1374.19
36.70,1371.38
36.75,1368.57
36.80,1365.77
36.85,1362.98
36.90,1360.19
36.95,1357.41
37.00,1354.63
37.05,1351.87
37.10,1349.11
37.15,1346.35
37.20,1343.60
37.25,1340.86
37.30,1338.12
37.35,1335.40
37.40,1332.67
37.45,1329.95
37.50,1327.25
37.55,1324.54
37.60,1321.84
37.65,1319.15
37.70,1316.47
37.75,1313.79
37.80,1311.11
37.85,1308.45
37.90,1305.79
37.95,1303.13
38.00,1300.48
38.05,1297.84
38.10,1295.21
38.15,1292.58
38.20,1289.95
38.25,1287.34
38.30,1284.73
38.35,1282.12
38.40,1279.52
38.45,1276.93
38.50,1274.34
38.55,1271.76
38.60,1269.18
38.65,1266.61
38.70,1264.05
38.75,1261.49
38.80,1258.94
38.85,1256.39
38.90,1253.85
38.95,1251.32
39.00,1248.79
39.05,1246.27
39.10,1243.75
39.15,1241.24
39.20,1238.74
39.25,1236.24
39.30,1233.74
39.35,1231.25
39.40,1228.77
39.45,1226.30
39.50,1223.82
39.55,1221.36
39.60,1218.90
39.65,1216.44
39.70,1214.00
39.75,1211.55
39.80,1209.12
39.85,1206.68
39.90,1204.26
39.95,1201.84
40.00,1199.42
40.05,1197.01
40.10,1194.61
40.15,1192.21
40.20,1189.82
40.25,1187.43
40.30,1185.05
40.35,1182.68
40.40,1180.30
40.45,1177.94
40.50,1175.58
40.55,1173.22
40.60,1170.88
40.65,1168.53
40.70,1166.19
40.75,1163.86
40.80,1161.53
40.85,1159.21
40.90,1156.89
40.95,1154.58
41.00,1152.27
41.05,1149.97
41.10,1147.68
41.15,1145.39
41.20,1143.10
41.25,1140.82
41.30,1138.54
41.35,1136.27
41.40,1134.01
41.45,1131.75
41.50,1129.49
41.55,1127.24
41.60,1125.00
41.65,1122.76
41.70,1120.53
41.75,1118.30
41.80,1116.07
41.85,1113.85
41.90,1111.64
41.95,1109.43
42.00,1107.23
42.05,1105.02
42.10,1102.83
42.15,1100.64
42.20,1098.46
42.25,1096.28
42.30,1094.10
42.35,1091.94
42.40,1089.77
42.45,1087.61
42.50,1085.46
42.55,1083.31
42.60,1081.16
42.65,1079.02
42.70,1076.89
42.75,1074.76
42.80,1072.63
42.85,1070.51
42.90,1068.39
42.95,1066.28
43.00,1064.18
43.05,1062.07
43.10,1059.98
43.15,1057.88
43.20,1055.80
43.25,1053.72
43.30,1051.64
43.35,1049.56
43.40,1047.49
43.45,1045.43
43.50,1043.37
43.55,1041.32
43.60,1039.26
43.65,1037.22
43.70,1035.18
43.75,1033.14
43.80,1031.11
43.85,1029.08
43.90,1027.06
43.95,1025.04
44.00,1023.03
44.05,1021.02
44.10,1019.01
44.15,1017.01
44.20,1015.02
44.25,1013.03
44.30,1011.04
44.35,1009.06
44.40,1007.08
44.45,1005.11
44.50,1003.14
44.55,1001.17
44.60,999.21
44.65,997.26
44.70,995.31
44.75,993.36
44.80,991.41
44.85,989.48
44.90,987.54
44.95,985.61
45.00,983.69
45.05,981.77
45.10,979.85
45.15,977.94
45.20,976.03
45.25,974.12
45.30,972.22
45.35,970.33
45.40,968.44
45.45,966.55
45.50,964.67
45.55,962.79
45.60,960.91
45.65,959.04
45.70,957.18
45.75,955.31
45.80,953.46
45.85,951.60
45.90,949.75
45.95,947.91
46.00,946.07
46.05,944.23
46.10,942.39
46.15,940.57
46.20,938.74
46.25,936.92
46.30,935.10
46.35,933.29
46.40,931.48
46.45,929.68
46.50,927.87
46.55,926.08
46.60,924.28
46.65,922.49
46.70,920.71
46.75,918.93
46.80,917.15
46.85,915.38
46.90,913.61
46.95,911.84
47.00,910.08
47.05,908.32
47.10,906.57
47.15,904.82
47.20,903.07
47.25,901.33
47.30,899.59
47.35,897.86
47.40,896.13
47.45,894.40
47.50,892.68
47.55,890.96
47.60,889.24
47.65,887.53
47.70,885.82
47.75,884.12
47.80,882.42
47.85,880.72
47.90,879.03
47.95,877.34
48.00,875.65
48.05,873.97
48.10,872.29
48.15,870.62
48.20,868.95
48.25,867.28
48.30,865.62
48.35,863.96
48.40,862.30
48.45,860.65
48.50,859.00
48.55,857.35
48.60,855.71
48.65,854.07
48.70,852.44
48.75,850.81
48.80,849.18
48.85,847.56
48.90,845.94
48.95,844.32
49.00,842.71
49.05,841.09
49.10,839.49
49.15,837.89
49.20,836.29
49.25,834.69
49.30,833.10
49.35,831.51
49.40,829.93
49.45,828.34
49.50,826.77
49.55,825.19
49.60,823.62
49.65,822.05
49.70,820.49
49.75,818.93
49.80,817.37
49.85,815.81
49.90,814.26
49.95,812.72
50.00,811.17
50.05,809.63
50.10,808.09
50.15,806.56
50.20,805.03
50.25,803.50
50.30,801.98
50.35,800.45
50.40,798.94
50.45,797.42
50.50,795.91
50.55,794.40
50.60,792.90
50.65,791.40
50.70,789.90
50.75,788.40
50.80,786.91
50.85,785.43
50.90,783.94
50.95,782.46
51.00,780.98
51.05,779.50
51.10,778.03
51.15,776.56
51.20,775.10
51.25,773.63
51.30,772.17
51.35,770.72
51.40,769.27
51.45,767.81
51.50,766.37
51.55,764.92
51.60,763.48
51.65,762.05
51.70,760.61
51.75,759.18
51.80,757.75
51.85,756.33
51.90,754.90
51.95,753.48
52.00,752.07
52.05,750.65
52.10,749.24
52.15,747.84
52.20,746.43
52.25,745.03
52.30,743.64
52.35,742.24
52.40,740.85
52.45,739.46
52.50,738.07
52.55,736.69
52.60,735.31
52.65,733.93
52.70,732.56
52.75,731.19
52.80,729.82
52.85,728.45
52.90,727.09
52.95,725.73
53.00,724.38
53.05,723.02
53.10,721.67
53.15,720.32
53.20,718.98
53.25,717.64
53.30,716.30
53.35,714.96
53.40,713.63
53.45,712.30
53.50,710.97
53.55,709.65
53.60,708.32
53.65,707.00
53.70,705.69
53.75,704.37
53.80,703.06
53.85,701.75
53.90,700.45
53.95,699.15
54.00,697.85
54.05,696.55
54.10,695.26
54.15,693.97
54.20,692.67
54.25,691.39
54.30,690.11
54.35,688.83
54.40,687.55
54.45,686.27
54.50,685.00
54.55,683.73
54.60,682.46
54.65,681.20
54.70,679.94
54.75,678.68
54.80,677.42
54.85,676.17
54.90,674.92
54.95,673.67
55.00,672.43
55.05,671.18
55.10,669.94
55.15,668.70
55.20,667.47
55.25,666.24
55.30,665.01
55.35,663.78
55.40,662.56
55.45,661.33
55.50,660.12
55.55,658.90
55.60,657.68
55.65,656.47
55.70,655.26
55.75,654.06
55.80,652.85
55.85,651.65
55.90,650.45
55.95,649.26
56.00,648.06
56.05,646.87
56.10,645.68
56.15,644.50
56.20,643.31
56.25,642.13
56.30,640.95
56.35,639.78
56.40,638.60
56.45,637.43
56.50,636.26
56.55,635.09
56.60,633.93
56.65,632.77
56.70,631.61
56.75,630.45
56.80,629.30
56.85,628.15
56.90,627.00
56.95,625.85
57.00,624.70
57.05,623.56
57.10,622.42
57.15,621.29
57.20,620.15
57.25,619.02
57.30,617.89
57.35,616.76
57.40,615.63
57.45,614.51
57.50,613.39
57.55,612.27
57.60,611.15
57.65,610.04
57.70,608.93
57.75,607.82
57.80,606.71
57.85,605.61
57.90,604.51
57.95,603.41
58.00,602.31
58.05,601.21
58.10,600.12
58.15,599.03
58.20,597.94
58.25,596.86
58.30,595.77
58.35,594.69
58.40,593.61
58.45,592.53
58.50,591.46
58.55,590.39
58.60,589.31
58.65,588.25
58.70,587.18
58.75,586.12
58.80,585.06
58.85,584.00
58.90,582.94
58.95,581.88
59.00,580.83
59.05,579.78
59.10,578.73
59.15,577.69
59.20,576.64
59.25,575.60
59.30,574.56
59.35,573.52
59.40,572.49
59.45,571.45
59.50,570.42
59.55,569.39
59.60,568.37
59.65,567.34
59.70,566.32
59.75,565.30
59.80,564.28
59.85,563.26
59.90,562.25
59.95,561.24
60.00,560.23
60.05,559.22
60.10,558.21
60.15,557.21
60.20,556.21
60.25,555.21
60.30,554.21
60.35,553.22
60.40,552.22
60.45,551.23
60.50,550.24
60.55,549.26
60.60,548.27
60.65,547.29
60.70,546.31
60.75,545.33
60.80,544.35
60.85,543.37
60.90,542.40
60.95,541.43
61.00,540.46
61.05,539.49
61.10,538.53
61.15,537.57
61.20,536.60
61.25,535.64
61.30,534.69
61.35,533.73
61.40,532.78
61.45,531.83
61.50,530.88
61.55,529.93
61.60,528.99
61.65,528.04
61.70,527.10
61.75,526.16
61.80,525.22
61.85,524.29
61.90,523.35
61.95,522.42
62.00,521.49
62.05,520.56
62.10,519.64
62.15,518.71
62.20,517.79
62.25,516.87
62.30,515.95
62.35,515.03
62.40,514.12
62.45,513.21
62.50,512.29
62.55,511.38
62.60,510.48
62.65,509.57
62.70,508.67
62.75,507.77
62.80,506.86
62.85,505.97
62.90,505.07
62.95,504.18
63.00,503.28
63.05,502.39
63.10,501.50
63.15,500.62
63.20,499.73
63.25,498.85
63.30,497.96
63.35,497.08
63.40,496.21
63.45,495.33
63.50,494.45
63.55,493.58
63.60,492.71
63.65,491.84
63.70,490.97
63.75,490.11
63.80,489.24
63.85,488.38
63.90,487.52
63.95,486.66
64.00,485.80
64.05,484.95
64.10,484.09
64.15,483.24
64.20,482.39
64.25,481.54
64.30,480.70
64.35,479.85
64.40,479.01
64.45,478.16
64.50,477.32
64.55,476.49
64.60,475.65
64.65,474.82
64.70,473.98
64.75,473.15
64.80,472.32
64.85,471.49
64.90,470.67
64.95,469.84
65.00,469.02
65.05,468.20
65.10,467.38
65.15,466.56
65.20,465.74
65.25,464.93
65.30,464.11
65.35,463.30
65.40,462.49
65.45,461.68
65.50,460.88
65.55,460.07
65.60,459.27
65.65,458.46
65.70,457.66
65.75,456.87
65.80,456.07
65.85,455.27
65.90,454.48
65.95,453.69
66.00,452.90
66.05,452.11
66.10,451.32
66.15,450.53
66.20,449.75
66.25,448.97
66.30,448.19
66.35,447.40
66.40,446.63
66.45,445.85
66.50,445.08
66.55,444.30
66.60,443.53
66.65,442.76
66.70,441.99
66.75,441.23
66.80,440.46
66.85,439.69
66.90,438.93
66.95,438.17
67.00,437.41
67.05,436.65
67.10,435.89
67.15,435.14
67.20,434.39
67.25,433.64
67.30,432.88
67.35,432.14
67.40,431.39
67.45,430.64
67.50,429.90
67.55,429.15
67.60,428.41
67.65,427.67
67.70,426.93
67.75,426.20
67.80,425.46
67.85,424.72
67.90,423.99
67.95,423.26
68.00,422.53
68.05,421.80
68.10,421.08
68.15,420.35
68.20,419.63
68.25,418.90
68.30,418.18
68.35,417.46
68.40,416.74
68.45,416.03
68.50,415.31
68.55,414.60
68.60,413.88
68.65,413.17
68.70,412.46
68.75,411.76
68.80,411.05
68.85,410.34
68.90,409.64
68.95,408.93
69.00,408.23
69.05,407.53
69.10,406.84
69.15,406.14
69.20,405.44
69.25,404.75
69.30,404.05
69.35,403.36
69.40,402.67
69.45,401.98
69.50,401.29
69.55,400.61
69.60,399.92
69.65,399.24
69.70,398.56
69.75,397.87
69.80,397.20
69.85,396.52
69.90,395.84
69.95,395.17
70.00,394.49
70.05,393.82
70.10,393.15
70.15,392.47
70.20,391.81
70.25,391.14
70.30,390.47
70.35,389.81
70.40,389.14
70.45,388.48
70.50,387.82
70.55,387.16
70.60,386.50
70.65,385.84
70.70,385.19
70.75,384.53
70.80,383.88
70.85,383.23
70.90,382.58
70.95,381.93
71.00,381.28
71.05,380.63
71.10,379.98
71.15,379.34
71.20,378.70
71.25,378.05
71.30,377.41
71.35,376.78
71.40,376.14
71.45,375.50
71.50,374.86
71.55,374.23
71.60,373.60
71.65,372.96
71.70,372.33
71.75,371.70
71.80,371.08
71.85,370.45
71.90,369.82
71.95,369.20
72.00,368.57
72.05,367.95
72.10,367.33
72.15,366.71
72.20,366.09
72.25,365.47
72.30,364.86
72.35,364.24
72.40,363.63
72.45,363.02
72.50,362.41
72.55,361.80
72.60,361.18
72.65,360.58
72.70,359.97
72.75,359.37
72.80,358.76
72.85,358.16
72.90,357.56
72.95,356.96
73.00,356.36
73.05,355.76
73.10,355.16
73.15,354.56
73.20,353.97
73.25,353.37
73.30,352.78
73.35,352.19
73.40,351.60
73.45,351.01
73.50,350.42
73.55,349.83
73.60,349.25
73.65,348.67
73.70,348.08
73.75,347.50
73.80,346.92
73.85,346.34
73.90,345.76
73.95,345.18
74.00,344.60
74.05,344.03
74.10,343.45
74.15,342.88
74.20,342.31
74.25,341.73
74.30,341.16
74.35,340.60
74.40,340.03
74.45,339.46
74.50,338.89
74.55,338.33
74.60,337.77
74.65,337.20
74.70,336.64
74.75,336.08
74.80,335.52
74.85,334.96
74.90,334.41
74.95,333.85
75.00,333.30
75.05,332.74
75.10,332.19
75.15,331.64
75.20,331.09
75.25,330.54
75.30,329.99
75.35,329.44
75.40,328.89
75.45,328.35
75.50,327.80
75.55,327.26
75.60,326.72
75.65,326.18
75.70,325.64
75.75,325.10
75.80,324.56
75.85,324.02
75.90,323.48
75.95,322.95
76.00,322.42
76.05,321.86
76.10,321.32
76.15,320.79
76.20,320.26
76.25,319.73
76.30,319.20
76.35,318.67
76.40,318.15
76.45,317.62
76.50,317.10
76.55,316.57
76.60,316.05
76.65,315.53
76.70,315.01
76.75,314.49
76.80,313.97
76.85,313.45
76.90,312.93
76.95,312.42
77.00,311.90
77.05,311.39
77.10,310.87
77.15,310.36
77.20,309.85
77.25,309.34
77.30,308.83
77.35,308.32
77.40,307.82
77.45,307.31
77.50,306.81
77.55,306.30
77.60,305.80
77.65,305.29
77.70,304.79
77.75,304.29
77.80,303.79
77.85,303.29
77.90,302.80
77.95,302.30
78.00,301.81
78.05,301.31
78.10,300.82
78.15,300.32
78.20,299.83
78.25,299.34
78.30,298.85
78.35,298.37
78.40,297.88
78.45,297.39
78.50,296.90
78.55,296.42
78.60,295.93
78.65,295.45
78.70,294.97
78.75,294.49
78.80,294.01
78.85,293.53
78.90,293.05
78.95,292.57
79.00,292.09
79.05,291.62
79.10,291.14
79.15,290.67
79.20,290.19
79.25,289.72
79.30,289.25
79.35,288.78
79.40,288.31
79.45,287.84
79.50,287.37
79.55,286.90
79.60,286.44
79.65,285.97
79.70,285.51
79.75,285.05
79.80,284.58
79.85,284.12
79.90,283.66
79.95,283.20
80.00,282.74
